<?xml version="1.0" encoding="UTF-8"?>
<project-private xmlns="http://www.netbeans.org/ns/project-private/1">
    <editor-bookmarks xmlns="http://www.netbeans.org/ns/editor-bookmarks/2" lastBookmarkId="0"/>
    <open-files xmlns="http://www.netbeans.org/ns/projectui-open-files/2">
        <group>
            <file>file:/F:/javafx%20projects/Good%20Restaurant%20Mgt/Good%20Restaurant%20Mgt/src/restrauntms/MenuScreen.java</file>
            <file>file:/F:/javafx%20projects/Good%20Restaurant%20Mgt/Good%20Restaurant%20Mgt/src/restrauntms/Restaurant.java</file>
            <file>file:/F:/javafx%20projects/Good%20Restaurant%20Mgt/Good%20Restaurant%20Mgt/src/restrauntms/RestrauntMS.java</file>
        </group>
    </open-files>
</project-private>
